{
  "simulation": "ngage.keycloak.AccessToken_Realms_1To100_10_Users",
  "simulationId": "accesstoken-realms-1to100-10-users",
  "start": 1510089161117,
  "description": "",
  "scenarios": ["use_token_69", "use_token_12", "use_token_62", "use_token_98", "use_token_93", "use_token_15", "use_token_40", "use_token_32", "use_token_51", "use_token_39", "use_token_64", "use_token_83", "use_token_54", "use_token_72", "use_token_19", "use_token_76", "use_token_28", "use_token_71", "use_token_4", "use_token_87", "use_token_44", "use_token_68", "use_token_3", "use_token_82", "use_token_23", "use_token_79", "use_token_33", "use_token_94", "use_token_100", "use_token_13", "use_token_14", "use_token_63", "use_token_2", "use_token_55", "use_token_18", "use_token_52", "use_token_41", "use_token_30", "use_token_75", "use_token_86", "use_token_90", "use_token_7", "use_token_34", "use_token_20", "use_token_49", "use_token_6", "use_token_45", "use_token_27", "use_token_38", "use_token_97", "use_token_24", "use_token_74", "use_token_1", "use_token_89", "use_token_85", "use_token_21", "use_token_67", "use_token_56", "use_token_78", "use_token_96", "use_token_26", "use_token_59", "use_token_80", "use_token_91", "use_token_10", "use_token_37", "use_token_8", "use_token_66", "use_token_48", "use_token_5", "use_token_17", "use_token_99", "use_token_35", "use_token_22", "use_token_77", "use_token_50", "use_token_61", "use_token_88", "use_token_73", "use_token_84", "use_token_57", "use_token_46", "use_token_9", "use_token_36", "use_token_65", "use_token_29", "use_token_58", "use_token_53", "use_token_47", "use_token_42", "use_token_43", "use_token_92", "use_token_70", "use_token_31", "use_token_25", "use_token_95", "use_token_60", "use_token_16", "use_token_81", "use_token_11"],
  "assertions": [

  ]
}